"title","price","rating","review_count"
"Fossil Machine Stainless Steel Chronograph Unisex Black Dial Watch Fs4682Ie","14995.0","3.9","4194"
"Fossil Bannon Analog Stainless Steel Green Dial Silver Band Men's Watch-BQ2492","9995.0","4.2","389"
"Men Leather Analog Black Dial Watch-Fs5251Set, Band Color-Brown","10995.0","4.6","2316"
"Analog Brown Dial Men's Watch-ME3253","21995.0","4.6","4"
"Decker Brown Watch","5097.0","4.2","5672"
"Fossil Gen 6 Digital Black Dial Men's Watch-FTW4059","12498.0","3.7","2317"
"Stainless Steel Women Karli Rose Gold Dial Analog Watch Bq3181, Rose Gold Band","7197.0","4.5","3269"
"Fossil Stainless Steel Fenmore Analog Black Dial Men's Watch-Bq2365","8697.0","4.3","2946"
"Fossil Bannon Analog Stainless Steel Green Dial Silver Band Men's Watch-BQ2492","9995.0","4.2","389"
"Chronograph Rose Gold Dial Women Watch ES3352 Stainless Steel, Rose Gold Strap","7197.0","4.4","570"
"Fossil Gen 6 Digital Black Dial Men's Watch-FTW4061","11998.0","3.7","2317"
"Analog Black dial men Watch FS5164 Stainless Steel, Multicolor Strap","8997.0","4.4","2334"
"Fossil Men Stainless Steel Grant Chronograph Analog Black Dial Watch - Fs4832, Band Color-Black","8697.0","4.3","2946"
"Analog White Dial Men's Watch-FS4795 Stainless Steel, Multicolor Strap","14495.0","4.4","1910"
"Nate Chronograph Analog Black Dial Grey Band Men's Stainless Steel Watch - JR1401","14994.0","4.2","10502"
"Men Leather Analog Black Dial Watch-Fs5251Set, Band Color-Brown","10995.0","4.6","2316"
"Tillie Analog White Dial Women's Watch-BQ3497 Stainless Steel, Rose Gold Strap","7497.0","4.3","443"
"Fossil Sullivan Analog Black Dial Men's Leather Watch-BQ2457","8995.0","4.1","3768"
"Fossil Analog Off-White Dial Brown Band Men's Stainless Steel Watch-FS5380","12495.0","4.5","1298"
"Fossil Gen 6 Smartwatch Digital Black Dial Men's Watch-FTW4060","12498.0","3.7","2317"
"Fossil Men Leather Analog Black Dial Watch-Fs5447, Band Color-Black","9995.0","4.1","3768"
"Fossil Analog Off-White Dial Brown Band Men's Stainless Steel Watch-FS5380","12495.0","4.5","1298"
"Men Leather Analog Black Dial Watch-Np1865Nl01/Np1865Nl01, Band Color-Brown","3485.0","3.8","18"
"Amazfit GTR 4 New Smart Watch with 1.45” AMOLED Display, Bluetooth Calls, Zepp Aura, Heart Rate, Sleep, Stress, SpO2 Monitoring, Sports Watch with 150+ Sports Modes, GPS, Music Control, Alexa Built-in(Galaxy Black)","16999.0","0.0","0"
"Fossil Men Leather Machine Analog Black Dial Watch-Fs4656, Band Color-Brown","13495.0","4.0","668"
"Fossil Men Leather Bronson Analog Black Dial Watch-Me3219, Band Color-Brown","19995.0","3.7","39"
"Men Stainless Steel Defender Analog Black Dial Watch-Fs5973, Band Color-Silver","6748.0","3.0","1"
"Fossil Women Leather Analog Silver Dial Watch-Es4794, Band Color-Beige","5997.0","4.5","423"
"Fossil Fenmore Midsize Analog Black Dial Men's Watch-Bq2453 - Leather","8324.0","4.2","1651"
"Fossil Bannon Analog Gray Dial Men's Watch-BQ2491","10197.0","4.2","213"
"Analog Blue Dial Women's Watch-ES4274","9995.0","4.3","1004"
"Fossil Gen 6(44Mm, Brown Color) Mens Smartwatch With Amoled Screen, Alexa Built-In, Snapdragon 4100+ Wear Platform, Google Assistant, Spo2, Wellness Features And Smartphone Notifications - Ftw4062","11998.0","3.7","2317"
"Bannon Analog Black Dial Men's Watch-BQ2494","9857.0","4.2","77"
"Rye Analog Rose Gold Dial and Band Women's Stainless Steel Watch-BQ3691","8497.0","4.4","69"
"Fossil Heritage Analog Beige Dial Women's Watch-ME3228","9598.0","4.6","22"
"Analog Brown Dial Men's Leather Band Watch - ME3098","19995.0","3.8","1140"
"Defender Analog Black Dial Silver Band Men's Stainless Steel Watch-FS5976","5998.0","4.3","58"
"Fossil Gen 6 Display Wellness Edition Pink Smartwatch FTW4071","9598.0","3.7","2317"
"Men Leather Grant Sport Analog Blue Dial Watch-Fs5237, Band Color-Blue","7497.0","4.4","1871"
"Leather Analog Black Dial Men Watch-Fs5551, Brown Band","5997.0","4.5","369"
"Grant Analog Off-White Dial Men's Watch-ME3099","18995.0","4.4","981"
"Fossil Georgia Analog Grey Dial Women's Watch - ES3077","4998.0","4.3","4001"
"Fossil Leather Analog Blue Dial Men's Watch-Fs5661","5997.0","4.3","2395"
"Fossil Gen 6 Digital Black Dial Women's Watch-FTW6078","12498.0","3.7","2317"
"Fossil Jacqueline Analog Rose Gold Dial and Band Women's Stainless Steel Watch-ES3546","12495.0","4.3","4171"
"Fossil Men Silicone Machine Chronograph Black Dial Watch-Fs4487, Band Color-Black","13495.0","3.9","4194"
"Men's Leather Analog Blue Dial Watch-Bq2844","9447.0","5.0","1"
"Fossil Townsman Analog Grey Dial Men's Watch-Me3181 - Leather","19995.0","4.0","626"
"Townsman Analog Grey Dial Men's Leather Watch-Fs5522","9996.0","4.6","465"
"Machine Analog Black Dial Men's Watch-FS5970","7498.0","4.1","13"
"Kerrigan Analog Silver Dial Women's Watch-BQ3341","8157.0","4.5","179"
"Men Leather Analog Grant Brown Band Watch Fs5210, Band Color-Brown,Dial Color-Blue","7497.0","4.3","1077"
"Fossil Gen 6 Display Wellness Edition Blue Smartwatch FTW4070","9598.0","3.7","2317"
"Men Leather Analog Blue Dial Watch-Fs4835Ie, Band Color-Blue","12495.0","3.8","1642"
"Women Leather Jacqueline Analog White Dial Watch - Es3843, Band Color-Blue","9995.0","4.4","997"
"Mod Soph Analog Pink Dial Women's Watch-BQ1571","8157.0","4.3","37"
"Men's Timeless Style Analog Watch: Refined Black Dial and Metal Strap-1806NM01","3995.0","4.3","207"
"Men's Metropolitan Luxe: Multifunction dark grey Dial with Two-Tone Stainless Steel Bracelet Watch-NS1733KM01","5745.0","4.3","822"
"Men's Minimalist Zen Analog Black Watch: Sleek Leather Strap with Contrast Hands-NS1802SL11","3245.0","4.3","298"
"Quartz Analog with Date Blue Dial Stainless Steel Strap Watch for Men-NS1825KM01","3655.0","3.9","149"
"Townsman Analog Grey Dial Men's Leather Watch-Fs5522","9996.0","4.6","465"
"Men Leather Analog Blue Dial Watch-Fs4835Ie, Band Color-Blue","12495.0","3.8","1642"
"Fossil Bannon Analog Stainless Steel Green Dial Silver Band Men's Watch-BQ2492","9995.0","4.2","389"
"Fossil Men Leather Analog Black Dial Watch-Fs5447, Band Color-Black","9995.0","4.1","3768"
"Mod Soph Analog Pink Dial Women's Watch-BQ1571","8157.0","4.3","37"
"Townsman Auto Smoke Analog Men's Watch - ME3172 (Black Dial Grey Colored Strap)","19995.0","4.1","118"
"Fossil Townsman Analog Blue Dial Men's Leather Watch-ME3110","18995.0","4.3","1253"
"Fossil Leather Chronograph Blue Dial Men's Watch-Ch2564, Band Color:Black","8747.0","4.6","5847"
"Fossil Gen 6 Digital Black Dial Men's Watch-FTW4063","11998.0","3.7","2317"
"Everett Analog Gray Dial Men's Stainless Steel Watch-Me3206","21495.0","4.2","39"
"Grant Chronograph Beige Dial Men's Watch - FS4735","12494.0","4.2","251"
"Fossil Gen 6 Display Wellness Edition Black Smartwatch FTW4069","9598.0","3.7","2317"
"Fb-01 Analog Dial Women's Watch-CE1125","19995.0","4.4","85"
"Stainless Steel Analog Blue Dial Men's Watch-Bq2859","10147.0","0.0","0"
"Men Stainless Steel Heritage Analog Blue Dial Watch-Me3230, Band Color-Multicolor","9598.0","4.3","12"
"Fossil Modern Courier Stainless Steel Analog Women's Watch BQ3377 (Rose Gold Dial Rose Gold Colored Strap)","9857.0","4.3","2114"
"Fossil Women Stainless Steel Analog Silver Dial Watch-Es5314Set, Band Color-Rose Gold","8747.0","4.3","60"
"Fossil Unisex Analogue Watch Ring Rose Gold-Plated Es5247","9995.0","4.5","223"
"Fossil Stainless Steel Womens Raquel Analog Watch Ring Rose Gold Es5345, Band Color:Rose Gold","9995.0","5.0","11"
"Carlie Analog White Dial Women's Watch - ES4433","9494.0","4.4","916"
"Analog Silver Dial Men's Watch-ME3252 Stainless Steel, Silver Strap","21995.0","0.0","0"
"Quartz Chronograph Silver Dial Leather Strap Watch for Men-NS90146SL01","9545.0","4.3","36"
"Analog Brown Dial Men's Watch-ME3253","21995.0","4.6","4"
"Fossil Machine Stainless Steel Chronograph Unisex Black Dial Watch Fs4682Ie","14995.0","3.9","4194"
"Fossil Fenmore Analog Black Dial Men's Watch-BQ2366","9857.0","4.5","281"
"Fossil Scarlette Analog Rose Gold Dial Women's Watch-ES5258","13495.0","4.2","2008"
"Riley Analog Rose Gold Dial Women's Watch - ES2811","12495.0","4.2","6209"
"Bronson Analog Black Dial Men's Watch-FS5714","11481.0","4.1","68"
"Fossil Virginia Analog Gold Dial Women's Watch-ES3405","7197.0","4.5","2118"
"Machine Chronograph Analog Black Dial and Band Men's Stainless Steel Watch - FS4682","14995.0","3.6","308"
"Fossil Leather Harwell Analog Pink Dial Women's Watch-Es5265","6248.0","4.0","39"
"Nate Men's Watch with Oversized Chronograph Watch Dial and Stainless Steel or Leather Band","14494.0","4.0","7464"
"Fossil Raquel Analog Silver Dial Women's Stainless Steel Watch-ES5220","10995.0","4.5","337"
"Fossil Bronson Analog Black Dial Gray Band Men's Stainless Steel Watch-FS5852","14995.0","4.4","505"
"Silicone Analog Yellow Dial Men Watch-Fs6044, Black Band","14995.0","4.9","10"
"Analog Gold Dial Women's Watch-ES4628 Stainless Steel, Rose Gold Strap","12495.0","4.4","178"
"Eevie Analog Rose Gold Dial and Band Women's Stainless Steel Watch-BQ3721","8497.0","4.5","25"
"Fossil Luther Analog Black Dial Men's Watch-BQ2328","9857.0","4.0","27"
"Neutra Analog Green Dial Men's Watch-FS5963","12495.0","4.7","37"
"Fossil Inscription Analog Black Dial Men's Stainless Steel Watch-ME3237","13997.0","4.1","15"
"Chronograph Black Dial Silver Band Men Stainless Steel Watch - FS4736","14495.0","4.6","903"
"Fb-01 Analog Women's Watch-CE1129","13996.0","4.5","22"
"Fossil Analog Pink Dial Women's Watch-ES5325","10146.0","4.8","16"
"(Refurbished) Fossil Gen 5 Carlyle Stainless Steel Touchscreen Men's Smartwatch with Speaker, Heart Rate","8999.0","3.3","38"
"Sullivan Analog Blue Dial Men's Watch-BQ2512","8995.0","3.1","7"
"Jacqueline Analog Rose Gold Dial Women's Watch-ES5098","13494.0","4.4","74"
"Fossil Women Stainless Steel Carlie Analog Silver Dial Watch-Es5272, Band Color-Gold","9596.0","4.1","155"
"Carlie Analog Women's Leather Watch","0.0","4.5","132"
"Fossil Jacqueline Analog Mother of Pearl Dial Women's Watch-ES5165 Stainless Steel, rose gold Strap","13495.0","4.7","8"
"Fossil Townsman Auto Analog White Dial Men's Watch-ME3171","18995.0","4.2","93"
"Stainless Steel Analog White Dial Women's Watch-Bq3898, Band Color-Gold","8397.0","0.0","0"
"Silicone Analog Black Dial Men's Watch-Fs6036","14495.0","3.5","7"
"MARVIK Smart Watch Charger for Fossil Gen 4 Explorist HR,Fossil Gen 4 Venture HR,Fossil Gen 5 Carlyle HR,Fossil Gen 5 Julianna HR,Fossil Gen 6,Fossil Sport Smart Watch & More, Smartwatch - Black","349.0","3.9","238"
"Men Leather Grant Chronograph Analog Blue Dial Watch - Fs5061, Band Color-Blue","12494.0","4.2","1228"
"Neutra Analog Grey Dial Men's Watch-FS5512","12493.0","4.4","357"
"Fossil Jesse Analog White Dial Women's Watch - ES2362","7197.0","4.5","2676"
"Men Leather Analog Black Dial Watch-Fs5251Set, Band Color-Brown","10995.0","4.6","2316"
"Fossil Men Leather Bronson Analog Black Dial Watch-Me3219, Band Color-Brown","19995.0","3.7","39"
"Men's Infinity Chrono Analog Watch: Precise Blue Dial, Rose Gold Highlights, Durable Leather Strap-NS1805QP01","5845.0","4.4","63"
"Men's Metropolitan Charm: Men's Multifunctional Black Watch with Metallic Accents-NS1805NM02","7395.0","4.5","132"
"Analog Black Dial Men's Watch-FS5308","11995.0","4.2","1321"
"Neo Analog Blue Dial Men's Watch - NN1733KL03/NP1733KL03","5995.0","4.3","994"
"Men Analog Neutra Automatic Black Dial and Band Automatic Stainless Steel Watch ME3183","19995.0","4.4","55"
"Fossil Neutra Minimalist Analog Silver Dial Men's Watch-FS5905 Genuine Leather, Brown Strap","13495.0","4.4","58"
"Men Leather Grant Chronograph Analog Blue Dial Watch - Fs5061, Band Color-Blue","12494.0","4.2","1228"
"Fossil Leather Analog Cream Dial Men Watch-Fs6042, Brown Band","14995.0","3.8","8"
"Fossil Jesse Analog White Dial Women's Watch - ES2362","7197.0","4.5","2676"
"Neutra Analog Black Dial Men's Watch-FS5525","14494.0","4.3","279"
"Men Analog Neutra Automatic Black Dial and Band Automatic Stainless Steel Watch ME3183","19995.0","4.4","55"
"Everett Analog Blue Dial Men's Watch-ME3220","21495.0","4.2","44"
"Fossil Men Stainless Steel Everett Analog Gold Dial Watch-Fs5965, Band Color-Gold","11995.0","4.5","133"
"SEVAM Charger for Fossil Gen 6, Gen 5, Gen 5E, Gen 4 Smartwatch Charging Cable Cord for Emporio Armani, Skagen falster 2, Misfit Vapor 2, Diesel Guard 2.5, Michael Kors Runway 3.3Ft/1M White","389.0","3.5","37"
"Gen 5 Touchscreen Men's Smartwatch with Speaker, Heart Rate, GPS, Music Storage and Smartphone Notifications","18110.0","3.8","8799"
"Analog Brown Dial Men's Watch-ME3253","21995.0","4.6","4"
"Laney Analog Mother of Pearl Dial Women's Watch-BQ3392","8157.0","4.7","14"
"Neutra Analog Blue Dial Men's Watch-FS5792","14495.0","4.2","237"
"Fossil Analog Beige Dial Men's Watch-FS6012 Genuine Leather, Brown Strap","13495.0","4.4","41"
"M.G.R.J Soft TPU Front Protection Case Cover for Fossil Gen 5 Carlyle Smart Watch (Flexible|Silicone|Black)","299.0","3.5","1479"
"Jacqueline Analog Mother of Pearl Dial Women's Watch-ES5164","10796.0","4.6","22"
"Silicone Analog Blue Dial Women's Watch-Bq3939","6997.0","1.0","1"
"Analog Brown Dial Men's Watch-ME3253","21995.0","4.6","4"
"Fossil Men Leather Bronson Analog Black Dial Watch-Me3219, Band Color-Brown","19995.0","3.7","39"
"Men Leather Analog Black Dial Watch-Fs5251Set, Band Color-Brown","10995.0","4.6","2316"
"Quartz Analog with Date Blue Dial Stainless Steel Strap Watch for Men-NS1825KM01","3655.0","3.9","149"
"Analog Silver Dial Men's Watch-ME3252 Stainless Steel, Silver Strap","21995.0","0.0","0"
"Fossil Stella Sport Analog Rose Gold Dial Women's Watch-ES5106","14495.0","4.3","155"
"Analog Black Dial Men's Watch-FS5308","11995.0","4.2","1321"
"Analog Green Dial Men's Watch-ME3262","23995.0","0.0","0"
"Fossil Neutra Minimalist Analog Black Dial Men's Watch-Fs5906 - Stainless Steel","11996.0","4.4","58"
"Fossil Leather Analog White Dial Women Watch-Es5346, Multi-Color Band","9996.0","4.9","19"
"Fb-01 Analog Women's Watch-CE1129","19995.0","4.5","22"
"Quick Release Watch Band 22mm 20mm 18mm,Burnished Leather Wacth Bands for Samsung Galaxy Watch 5/4/3 | Huawei Watch | Fossil Watch | Amazfit Watch | Oneplus Watch | Pebble Watch | Seiko Watch","1214.0","3.8","7403"
"Stainless Steel Laney Analog Multicolor Dial Women Watch-Bq3393, Gray Band","8157.0","3.7","5"
"Men Townsman Silver Automatic Stainless Steel Analogue Watch Me3260, Blue Dial, Silver Band","21495.0","5.0","1"
"Bronson Analog Black Dial Men's Watch-FS5851 Stainless Steel, Black Strap","14995.0","4.0","32"
"Fossil Analog Gold Dial Women's Watch-ES5319","11994.0","3.7","11"
"Fossil Fashion Analog Rose Gold Dial Women's Watch-BQ3036 Stainless Steel, Rose Gold Strap","9857.0","3.9","53"
"Stainless Steel Analog Silver Dial Women's Watch-Es5315Set, Band Color-Silver","10497.0","5.0","7"
"Stainless Steel Analog Brown Dial Women's Watch-Me3258, Band Color-Rose Gold","14397.0","5.0","3"
"Women Leather Carlie Mini Analog Blue Dial Watch-Es4701, Band Color-Brown","7995.0","4.7","624"
"Emilydeals Charger For Fossil Gen 6 / Gen 5 / Gen 4 / Sport,For Michael Kors Gen 6 / Gen 5E / Gen 5 / Gen 4 Smartwatch Magnetic Charging Cable (1,Black)","480.0","4.1","231"
"Rye Analog Rose Gold Dial Women's Watch-BQ3639","6997.0","4.4","8"
"Women Leather Analog White Dial Watch-Es4699, Band Color-Beige","7995.0","4.5","444"
"Carlie Mini Analog Grey Dial Womens Standard Watch-ES5068 Genuine Leather, Gray Strap","7995.0","4.6","242"
"Jesse Analog Rose Gold Dial Watch - ES3020","11994.0","4.2","413"
"Gen 5E Smartwatch with AMOLED Screen, Wellness Features and Smartphone Notifications","18495.0","3.9","13391"
"Stella Analog Mother Of Pearl Dial Women's Watch-Es5136 - Gold, Stainless Steel","12494.0","3.9","12"
"Women Stainless Steel Analog Brown Dial Watch-Es5324, Band Color-Rose Gold","9995.0","5.0","4"
"Fossil Womens Raquel Watch Ring Gold Es5343 14 MM","9995.0","4.4","11"
"Analog Silver Dial Men's Watch-FS6077","13495.0","0.0","0"
"Neutra Automatic Analog Black Dial Men's Watch-ME3185 Stainless Steel, Grey Strap","17995.0","4.2","82"
"Men Jewelry Silver Necklace Jf04601040","4995.0","5.0","1"
"CARE CASE Gen 9 BT Calling Smartwatch with Rose Gold Strap, Diamond Strap HD Display for Men and Women.","1499.0","3.2","32"
"Fossil Neutra Analog Women's Watch ES5216 (Mother of Pearl Dial Gold Colored Strap)","13495.0","4.4","124"
"Other - Me Analog Blue Dial Men's Silicone Watch_Bq1126","8697.0","4.3","256"
"SPYKART Smart Watch Charger for Fossil Gen 4 Explorist HR,Fossil Gen 4 Venture HR,Fossil Gen 5 Carlyle HR,Fossil Gen 5 Julianna HR,Fossil Gen 6,Fossil Sport Smart Watch & More,Smartwatch,USB,Black","349.0","4.3","19"
"Men's Metropolitan Charm: Men's Multifunctional Black Watch with Leather Strap-NS1805NL02","7095.0","4.3","61"
"Men's Metropolitan Charm: Men's Multifunctional Black Watch with Metallic Accents-NS1805NM02","7395.0","4.5","132"
"Men Leather Chronograph Analogue Black Dial Watch, Band Color-Brown","12495.0","4.3","4241"
"Men's Metropolitan Luxe: Multifunction blue Dial with Two-Tone Stainless Steel Bracelet Watch-NS1734KM01","6195.0","4.3","513"
"Quartz Multifunction White Dial Leather Strap Watch for Men-NS90102SL03","9695.0","4.3","335"
"Neo Splash Quartz Multifunction Black Dial Stainless Steel Strap Watch for Men-NS1805QM04","6345.0","4.1","120"
"Men's Sartorial Neo Splash: Blue Dial Multifunction Watch with Mesh Strap-NS1805QM02","7995.0","4.3","122"
"The Minimalist 3h Analog Grey Dial Men's Watch - FS5459 Stainless Steel, Gray Strap","11995.0","4.4","803"
"Fossil Womens Raquel Watch Ring Gold Es5343 14 MM","9995.0","4.4","11"
"Neutra Automatic Analog Black Dial Men's Watch-ME3185 Stainless Steel, Grey Strap","17995.0","4.2","82"
"Analog Silver Dial Women's Watch","9995.0","4.8","8"
"Analog Silver Dial Men's Watch-FS6077","13495.0","0.0","0"
"Other - Me Analog Blue Dial Men's Silicone Watch_Bq1126","8697.0","4.3","256"
"Men Jewelry Silver Necklace Jf04601040","4995.0","5.0","1"
"FossilAnalog Modern Machine Automatic Skeleton Dial Men's Watch ME3080","20995.0","0.0","0"
"Fossil Neutra Analog Women's Watch ES5216 (Mother of Pearl Dial Gold Colored Strap)","13495.0","4.4","124"
"Analog Black Dial Men's Watch-Fs6035 - Brass","10796.0","4.7","4"
"CARE CASE Gen 9 BT Calling Smartwatch with Rose Gold Strap, Diamond Strap HD Display for Men and Women.","1499.0","3.2","32"
"Analog Beige Dial Men's Watch-FS6071","11995.0","0.0","0"
"Gen 5E Smartwatch with AMOLED Screen, Wellness Features and Smartphone Notifications","18495.0","3.9","13391"
"Jesse Analog Rose Gold Dial Watch - ES3020","11994.0","4.2","413"
"SPYKART Smart Watch Charger for Fossil Gen 4 Explorist HR,Fossil Gen 4 Venture HR,Fossil Gen 5 Carlyle HR,Fossil Gen 5 Julianna HR,Fossil Gen 6,Fossil Sport Smart Watch & More,Smartwatch,USB,Black","349.0","4.3","19"
"Defender Analog Black Dial Men's Watch-FS5977","12778.0","4.3","74"
"Skyddshield Tempered Glass for Fossil Gen 6 (42mm/44mm) (Men/Women) with Easy Self Installation Kit | Black","257.0","5.0","1"
"Quartz Chronograph Silver Dial Leather Strap Watch for Men-NS90146SL01","9545.0","4.3","36"
"Men's Minimalist Zen Analog Black Watch: Sleek Leather Strap with Contrast Hands-NS1802SL11","3245.0","4.3","298"
"Men's Metropolitan Charm: Men's Multifunctional Black Watch with Leather Strap-NS1805SL04","6705.0","4.2","101"
"Neo Analog Blue Dial Men's Watch - NN1733KL03/NP1733KL03","5995.0","4.3","994"
"Mens Jewelry Gold Chain Bracelet Jf04570710","4547.0","0.0","0"
"Women Neutra Brown Quartz Leather Chronograph Watch Es5278, Dial-Color:Off-White, Band Color:Brown","11995.0","5.0","1"
"SEVAM Charger Compatible with Fossil Gen 4, Gen 5, Emporio Armani, Skagen falster 2, Misfit Vapor 2, Kate Spade, Michael Kors Runway - USB Charging Cable 3.3ft 100cm - Smartwatch Accessories(White)","389.0","4.2","24"
"Neutra Men's Chronograph Watch with Stainless Steel Bracelet or Genuine Leather Band","14494.0","4.2","1999"
"Womens Stainless Steel Jacqueline Analog Silver Dial Watch-Es5282, Band Color:Rose Gold","4998.0","4.5","6"
"Analog White Dial Women's Watch-ES4735","11995.0","4.6","266"
"Analog Gold Dial Women's Stainless Steel Watch-ES5338","9995.0","5.0","1"
"Womens Jewelry Gold Bracelet Jf04541710","4295.0","5.0","2"
"Fossil Neutra Minimalist Analog Blue Dial Men's Leather Watch-FS5903","8097.0","4.6","864"
"Fossil Women Stainless Steel Gabby Analog Rose Gold Dial Watch-Es5070, Band Color-Rose Gold","9995.0","4.3","88"
"BROP® Compatible with Fossil Gen 4/5 r, Fossil Smart Watch r Cable 3.2 Feet, Wireless Charging Dock for Emporio Armani,Michael Kors,Skagen,Diesel","293.0","0.0","0"
"Analog Green Dial Women's Watch-ES5366","11995.0","0.0","0"
"CARE CASE Gen 8 Rose Gold Daimond Edition Stainless Steel Women Bluetooth Calling Gift Smartwatch","1475.0","3.4","38"
"Analog Beige Dial Men's Watch-ME3264","21995.0","0.0","0"
"Womens Heritage Gold Bracelet Jf04759710","4995.0","0.0","0"
"Analog Green Dial Women's Watch-ES5371","14995.0","0.0","0"
"Fossil Women Stainless Steel Analog Pink Dial Watch-Es5337, Band Color-Multicolor","9995.0","5.0","1"
"POPIO Tempered Glass Screen Protector For Fossil Gen 6 42Mm / 44Mm (Men/Women), Michael Kors Gen 6 Bradshaw (Pack Of 2) for Smartwatch","299.0","4.0","2640"
"Riley Analog Black Dial Women's Watch-ES4519 Stainless Steel, Black Strap","12495.0","4.3","1022"
"POPIO Edge To Edge Full Screen Coverage Tempered Glass Screen Protector for Fossil Carlyle/Julianna GEN 5 Digital Smartwatch with Installation Kit (Transparent) - Pack of 2","299.0","4.0","2640"
"RuenTech USB Charger Compatible with Fossil Gen 5/Gen 4/Sport Smartwatch Rapid Charger Magnetic (Black),Pack of 1","490.0","3.7","2196"
"OpenTech Tempered Glass Screen Protector Compatible For Fossil Gen 6 (Pack Of 2) With Easy Installation Kit for Smartwatch","271.0","4.1","352"
"Analog Silver Dial Women's Watch - ES3284 Stainless Steel, Gold Strap","11995.0","4.4","1324"
"TUSITA Charger Compatible with Fossil Gen 4, Gen 5, Emporio Armani, Skagen falster 2, Misfit Vapor 2, Kate Spade, Michael Kors Runway - USB Charging Cable 3.3ft 100cm - Smartwatch Accessories(White)","391.0","4.3","1147"
"Blue Analog Green Dial Men's Watch-FS5946","11995.0","4.4","115"
"Analog Blue Dial Women's Watch-ES5365","11995.0","0.0","0"
"22mm Leather Strap Compatible with Fossil Watches Only. Quick Release Pins available,Long Life And Anti allergic Strap","950.0","0.0","0"
"Alpine Nylon Loop Watch Strap Compatible for Fossil Gen 6 Wellness Edition Smartwatch Band","339.0","0.0","0"
"Fossil Inscription Analog Black Dial Men's Watch-FS5980","0.0","4.5","254"
"Women Jewelry Silver Bracelet Jf04685040","4295.0","0.0","0"
"Skyddshield Tempered Glass for Fossil Carlyle Gen 5 and Fossil Juliana Gen 5 (Men/Women) with Easy Self Installation Kit | Black","257.0","5.0","1"
"Zitel® Charger Compatible with Fossil Gen 5 Smartwatch Charging USB Magnetic Cable for Gen 5 Carlyle, Julianna, Garett, Carlyle HR 100cm - Black","599.0","3.7","189"
"Men's Metropolitan Charm: Men's Multifunctional Black Watch with Leather Strap-NS1805NL02","7095.0","4.3","61"
"Neo Splash Green Dial Quartz Analog with Date Fabric Strap Watch for Men-NS1805WP01","6545.0","4.6","57"
"Fossil Men Leather Analog Black Dial Watch-Fs5447, Band Color-Black","9995.0","4.1","3768"
"Men's Midnight Precision: Multifunction Blue Dial with Classic Leather Strap Watch-NS1733KL01","5825.0","4.4","321"
"Men's Minimalist Zen Analog Black Watch: Sleek Leather Strap with Contrast Hands-NS1802SL11","3245.0","4.3","298"
"Men's Midnight Precision: Multifunction Blue Dial with Classic Leather Strap Watch-NS1733KL01","5825.0","4.4","321"
"Analog Brown Dial Men's Watch-ME3253","21995.0","4.6","4"
"Men Analog Neutra Automatic Black Dial and Band Automatic Stainless Steel Watch ME3183","19995.0","4.4","55"
"Womens Harlow Gold Bracelet Jf04658710","7495.0","0.0","0"
"Fossil Inscription Analog Black Dial Men's Watch-FS5980","0.0","4.5","254"
"Skyddshield Tempered Glass for Fossil Carlyle Gen 5 and Fossil Juliana Gen 5 (Men/Women) with Easy Self Installation Kit | Black","257.0","5.0","1"
"CROGIE for Fossil Hybrid Smartwatch HR USB Charging Dock Cable, Replacement USB Charger Charging Dock Cable for Fossil Hybrid Smartwatch HR-Black","499.0","4.3","15"
"Zitel® Charger Compatible with Fossil Gen 5 Smartwatch Charging USB Magnetic Cable for Gen 5 Carlyle, Julianna, Garett, Carlyle HR 100cm - Black","599.0","3.7","189"
"22MM Watch/Band Strap Compatible with Fossil Smartwatch","289.0","4.2","28"
"Tough Lee Tempered Glass Screen Guard Protector for Fossil Gen 6 44MM (Men/Women) (Transparent) Edge to Edge Full Screen Coverage with Easy Installation Kit; Pack of 1","109.0","3.6","35"
"Premium Silicone Strap Band with Magnetic Lock 22mm Compatible for Galaxy Watch 3 45mm / Watch 46mm | S3 Frontier | Amazfit Stratos GTR | Fossil Gen 5 6 | Adjustable Silicon Band","399.0","4.3","21"
"Men Jewelry Silver Bracelet Jf04558040","5295.0","5.0","1"
"Crackles Dinosaur Fossil Excavation Archaeological Science STEM Toys Kit (Small Size) - Pack of 4 (Random Designs) for Return Gifts","899.0","3.8","10"
"Silicone Belt Watch Strap Magnetic Folding Buckle Compatible for Fossil Gen 5 Julianna Hr Smartwatch Band Black","399.0","0.0","0"
"Silicone Belt Watch Strap with Metal Buckle Compatible for Fossil Gen 6 Wellness Edition Watch Strap","299.0","0.0","0"
"SAEMPIRE Smartwatch Fossil Gen 6 Screen Guard/Screen Protector For Fossil Gen 6 Smart watch (Pack Of 3 Pc) Anti-scratch Anti-fingerprint","99.0","3.3","12"
"Bicmice Charger Dock Compatible For Fossil Gen 4 Gen 5 Gen 5E Gen 6 Michael Kors Runway, Skagen Falster 2, Misfit Vapor 2, Diesel Guard 2.5 - Usb Charging Cable 1M - Smartwatch Accessories, Black","294.0","3.7","97"
"RuenTech USB Charger Compatible with Fossil Gen 5 / Gen 4 / Sport Smartwatch Rapid Charger Magnetic (White), Pack of 1","397.0","3.9","357"
"Band Compatible with Fossil Gen 6 44mm, Gen 5 Carlyle, Garrett, Julianna, Gen 5E 44mm, Gen 4 Explorist HR, 22mm Silicone Strap","599.0","4.0","72"
"Men's Metropolitan Charm: Men's Multifunctional Black Watch with Leather Strap-NS1805NL02","7095.0","4.3","61"
"Neo Splash Quartz Multifunction Black Dial Stainless Steel Strap Watch for Men-NS1805QM04","6345.0","4.1","120"
"Neo Splash Black Dial Quartz Analog with Date Stainless Steel Strap Watch for Men-NS1805QM05","6345.0","4.3","86"
"Analog White Dial Men's Watch-FS4795 Stainless Steel, Multicolor Strap","14495.0","4.4","1910"
"Zitel ® Usb Cable Magnetic Dock Charger Compatible For Fossil Gen 6 Smartwatch, 100Cm (Black)","599.0","3.7","103"
"Watch Strap Magnetic Silicone Loop compatible with Fossil Gen 5 Julianna Hr Smartwatch Luxury Band","469.0","0.0","0"
"Tough Lee (Pack of 2 Tempered Glass Screen Guard Protector for Fossil Gen 6 44MM (Men/Women) (Transparent) Edge to Edge Full Screen Coverage with Easy Installation Kit","165.0","3.9","39"
"M.G.R.J® Tempered Glass Screen Protector for Fossil Gen 5E (42mm / 44mm) (Men & Women)","238.0","3.7","189"
"Waylon 22mm Smart Watch Straps / Smart Watch Band Compatible for Fossil Gen 5 / Fossil Sport (Black)","341.0","4.2","76"
"BKN® USB Magnetic Charger Cable Compatible with For Fossil Gen 4, Gen 5, Emporio, Skagen falster 2, Misfit Vapor 2, Kate Spade, Michael Kors Runway (Black)","297.0","3.2","5"
"Watch Strap Stainless Steel Metal 22mm compatible with Fossil Gen 5 Carlyle Smartwatch Belt Luxury Band","649.0","4.2","130"
"Band Compatible with Fossil Gen 6 44mm, Gen 5 Carlyle, Garrett, Julianna, Gen 5E 44mm, Gen 4 Explorist HR, 22mm Silicone Strap","599.0","4.0","72"
"Epaal Soft TPU Front Protection Case Cover for Fossil Gen 5 Carlyle Smart Watch, Full Case All-Around Protective Cover Bumper","299.0","4.2","7"
"TUSITA Charger Compatible with Fossil Gen 4, Gen 5, Emporio Armani, Skagen falster 2, Misfit Vapor 2, Kate Spade, Michael Kors Runway - USB Charging Cable 3.3ft 100cm - Smartwatch Accessories, Black","397.0","3.7","379"
"Premium Silicone Strap Band with Magnetic Lock 22mm Compatible for Galaxy Watch 3 45mm / Watch 46mm | S3 Frontier | Amazfit Stratos GTR | Fossil Gen 5 6 | Adjustable Silicon Band","399.0","4.3","21"
"ACM Watch Strap Silicone Belt 20mm Compatible with Fossil Gen 6 Wellness Edition Smartwatch Casual Classic Band Black","289.0","0.0","0"
"Watch Strap Silicone Belt 22mm compatible with Fossil Gen 6 44mm Smartwatch Sports Band","289.0","3.5","43"
"Watch Strap Stainless Steel Metal 22mm compatible with Fossil Gen 6 44mm Smartwatch Belt Luxury Band","649.0","3.9","84"
"Kissmart Compatible with Fossil Hybrid HR Charger (FTW0005), Replacement Charging Dock Cable for Fossil Hybrid HR Smartwatch","620.0","4.4","311"
"Analog Silver Dial Women's Watch-ES5368","13495.0","0.0","0"
"SPYKART Charger Compatible with Fossil Gen 4, Gen 5, Emporio Armani, Skagen falster 2, Misfit Vapor 2, Kate Spade, Michael Kors Runway - USB Charging Cable 3.3ft 100cm - Smartwatch Accessories(Black)","349.0","3.9","14"
"Men Townsman Silver Automatic Stainless Steel Analogue Watch Me3260, Blue Dial, Silver Band","21495.0","5.0","1"
"Gen 5 (46mm, Silver) Garrett Stainless Steel Touchscreen Men's Smartwatch with Speaker, Heart Rate, GPS, Music Storage and Smartphone Notifications Digital Black Dial Watch-FTW4040","14995.0","3.6","144"
"Men Drew Gold Bracelet Jf04695710","5995.0","0.0","0"
"Crysendo Magnetic Charger Compatible with Fossil Gen 6/ Gen 5/ Gen 4 Micro USB Cable Cord | Smartwatch Dock Adapter Accessories | Fast & Safe Charging Cord | 100cm / 1 Meter (Pack of 1 - Black)","899.0","3.9","74"
"Fossil Stainless Steel Womens Raquel Analog Watch Ring Silver Es5344, Band Color:Silver","9995.0","4.4","10"
"Analog Blue Dial Men's Watch-ME3263","21995.0","0.0","0"
"Vintage Glitz Rose Gold Necklace JF03648791 For Women","3357.0","0.0","0"
"Gen 9 Diamond Strap HD Display 2 Straps Bluetooth Calling Smartwatch for Mens and Womens with 500+ Watch Faces (Rose Gold Strap)","1699.0","3.4","138"
"Stainless Steel Analog Black Dial Women's Watch-Es5349, Band Color-Two-tone","14995.0","5.0","2"
"Gen 5 Garrett Stainless Steel Touchscreen Men's Smartwatch with Speaker, Heart Rate, GPS, Music Storage and Smartphone Notifications - FTW4038 (46mm, Black)","0.0","3.9","649"
"Analog Black Dial Women's Watch-ES5340","17495.0","0.0","0"
"Analog Blue Dial Men's Watch-FS6025","10497.0","5.0","1"
"PROXN Compatible with Fossil Gen 4/5 r, Fossil Smart Watch r Cable 3.2 Feet, Wireless Charging Dock for Emporio Armani,Michael Kors,Skagen,Diesel","319.0","3.0","2"
"Womens Heritage Gold Bracelet Ja7210710","4995.0","2.3","4"
"22MM Watch Band Strap Compatible With Fossil Gen 5, Fossil Gen 5E, Fossil Gen 6 Smart Watch (Brown Leather)","899.0","4.0","2"
"Neutra Analog Grey Dial Men's Watch-FS5512","12493.0","4.4","357"
"Neutra Automatic Analog Black Dial Men's Watch-ME3185 Stainless Steel, Grey Strap","17995.0","4.2","82"
"Men's Metropolitan Luxe: Multifunction Mono black Dial with Two-Tone Stainless Steel Bracelet Watch-NS1733NM01","6845.0","4.1","123"
"Fossil Neutra Minimalist Analog Silver Dial Men's Watch-FS5905 Genuine Leather, Brown Strap","13495.0","4.4","58"
"Amazfit GTR 4 New Smart Watch with 1.45” AMOLED Display, Bluetooth Calls, Zepp Aura, Heart Rate, Sleep, Stress, SpO2 Monitoring, Sports Watch with 150+ Sports Modes, GPS, Music Control, Alexa Built-in(Galaxy Black)","16999.0","0.0","0"
"Townsman Analog Grey Dial Men's Leather Watch-Fs5522","9996.0","4.6","465"
"Quartz Chronograph Silver Dial Leather Strap Watch for Men-NS90146SL01","9545.0","4.3","36"
"Fossil Neutra Minimalist Analog Silver Dial Men's Watch-FS5905 Genuine Leather, Brown Strap","13495.0","4.4","58"
"Womens Heritage Gold Bracelet Ja7210710","4995.0","2.3","4"
"Silicone Belt Watch Strap with Metal Buckle Compatible for Fossil Gen 6 Wellness Edition Watch Strap","299.0","0.0","0"
"Analog Black Dial Men's Watch-FS6075","14995.0","0.0","0"
"Men Jewelry Gold Necklace Jf04612710","5995.0","5.0","1"
"CARE CASE Gen 8 Rose Gold Daimond Edition Stainless Steel Women Bluetooth Calling Gift Smartwatch","1475.0","3.4","38"
"Analog Brown Dial Men's Watch-FS6026","12495.0","5.0","4"
"The Minimalist 3h Analog Grey Dial Men's Watch - FS5459 Stainless Steel, Gray Strap","11995.0","4.4","803"
"MobiCR Screen Guard Tempered Glass Compatible for Fossil Gen 5E FTW6068 Smartwatch with Installation Kit Pack of 2","0.0","5.0","3"
"Unisex Adult Jewelry Silver Bracelet Jf04562040","4995.0","3.5","3"
"Fossil Stainless Steel Analog Gray Dial Women's Watch-Es5348, Band Color-Two-Tone","14995.0","5.0","2"
"SPYKART Charger Compatible with Fossil Gen 4, Gen 5, Emporio Armani, Skagen falster 2, Misfit Vapor 2, Kate Spade, Michael Kors Runway - USB Charging Cable 3.3ft 100cm - Smartwatch Accessories(Black)","349.0","3.9","14"
"Analog Brown Dial Men's Watch-ME3253","21995.0","4.6","4"
"Watch Strap Nylon Soft Loop 22mm compatible with Fossil Gen 6 44mm Smartwatch Sports Band","299.0","3.8","42"
"Analog Beige Dial Women's Watch-ES5364","11995.0","0.0","0"
"Men Stainless Steel Analog Multicolor Dial Watch-Me3257, Band Color-Gold","23995.0","0.0","0"
"M.G.R.J® Soft & Flexible Case Cover for Fossil Gen 5 Carlyle Smart Watch (FTW 4024/4025 / 4026) (Flexible|Silicone|Black)","299.0","3.4","161"
"Men's Infinity Chrono Analog Watch: Precise Blue Dial, Rose Gold Highlights, Durable Leather Strap-NS1805QP01","5845.0","4.4","63"
"Quartz Multifunction White Dial Leather Strap Watch for Men-NS90102SL03","9695.0","4.3","335"
"Men's Minimalist Zen Analog Black Watch: Sleek Leather Strap with Contrast Hands-NS1802SL11","3245.0","4.3","298"
"Men's Metropolitan Charm: Men's Multifunctional Black Watch with Leather Strap-NS1805NL02","7095.0","4.3","61"
"Women Stainless Steel Carlie Mini Me Analog Mother of Pearl Dial Watch-Me3188, Band Color-Rose Gold","17495.0","4.1","46"
"Watch Strap Stainless Steel Metal 22mm compatible with Fossil Gen 6 44mm Smartwatch Belt Luxury Band","649.0","3.9","84"
"Men Leather Luther Analog Black Dial Watch-Bq2461, Band Color-Brown","8747.0","4.5","35"
"Analog White Dial Women's Watch-Es5310 - Leather","11994.0","4.9","17"
"FOSSIL Aluminium Baking Round Cake Pan/Mould for Microwave Oven - 6 Inch","210.0","3.7","10"
"Analog Brown Dial Women's Watch-ES5367","11995.0","0.0","0"
"SAEMPIRE Smartwatch Fossil Gen 6 Screen Guard/Screen Protector For Fossil Gen 6 Smart watch (Pack Of 3 Pc) Anti-scratch Anti-fingerprint","99.0","3.3","12"
"Men's Casual Stainless Steel and Genuine Leather Bracelet for Men, Metal","3495.0","4.3","278"
"Womens Stainless Steel Analog Silver Dial Watch-Bq3657, Band Color:Silver","8747.0","4.2","2"
"LIRAMARK Soft TPU Front Protection Case Cover for Fossil Gen 5 Carlyle Smart Watch (Black)","210.0","3.6","59"
"Analog Green Dial Men's Watch-ME3261","19995.0","0.0","0"
"Smart Watch Strap Compatible with Fossil Hybrid Hr Collider - Synthetic Leather Strap - Dark Brown","319.0","4.0","1"
"Women Jewelry Gold Earring Ja7215710","4295.0","0.0","0"
"M.G.R.J® Tempered Glass Screen Protector for Fossil Sport Smartwatch 43mm","201.0","4.1","315"
"22mm Leather Strap Compatible with Fossil Watches Only. Quick Release Pins available,Long Life And Anti allergic Tan Colour Strap.","950.0","0.0","0"
"Alpine Nylon Loop Watch Strap Compatible for Fossil Gen 6 Wellness Edition Smartwatch Band","339.0","0.0","0"
"Plastic Fb-01 Analog Black Dial Men's Watch-Fs5911, Band Color:Green","8502.0","4.1","20"
"Men Silicone Everett Solar Digital Black Dial Watch-Fs5860, Band Color-Green","8397.0","1.0","1"
"ANDEAL GUARDS 9H Screen Protector Compatible with FOSSIL ANALOG FS5305 44MM Smart Watch Full Dial Coverage (Except Edges)(Transparent) With Installation Kit (Pack of 2)","149.0","0.0","0"
"The Minimalist 3h Analog Grey Dial Men's Watch-FS5479","9495.0","4.2","133"
"Fullmosa 22mm Quick Release Replacement Watch Straps/Band Compatible for Samsung Galaxy Watch 3 45mm/Huawei GT3/GT 2 46mm/Fossil Gen 6/Amazfit GTR 47mm/One Plus(46mm)/Noise Colorfit- Gradient Brown","1277.0","4.0","33540"
"Men Leather Machine Analog Black Dial Watch-Fs5972, Band Color-Brown","14495.0","4.9","12"
"SAEMPIRE Tempered Glass Screen Protector for Fossil Gen 6 42mm / 44mm (Men/Women), Michael Kors Gen 6 Bradshaw Smartwatch Screen Guard (Pack of 5)","249.0","3.8","7"
"Men Jewelry Silver Pendant Jf04505040","4795.0","0.0","0"
"Watch Strap Stainless Steel Metal 22mm compatible with Fossil Gen 6 44mm Smartwatch Belt Luxury Band","649.0","3.9","84"
"Pack of 2 Silicone Belt Watch Strap Compatible for Fossil Q Wander Gen 2 Watch Strap Black, White","429.0","0.0","0"
"Abanen Compatible with Fossil Q Venture Watch Band,18mm Lightweight Alloy Metal Bling Crystal Quick Release Wristband Strap for Fossil Q Venture Gen4/3,Women's Sport (Rose Gold)","2970.0","4.2","708"
"AX Armani Exchange Chronograph Watch for Men with Leather, Stainless Steel or Silicone Band","5997.0","4.3","481"
"ACM Watch Strap Silicone Belt 22mm Compatible with Fossil Gen 6 44mm Smartwatch Casual Classic Band Black","289.0","3.4","15"
"Gen 5E Smartwatch with AMOLED Screen, Wellness Features and Smartphone Notifications","18495.0","3.9","13391"
"Womens Heritage Gold Bracelet Jf04729710","5295.0","0.0","0"
"Fullmosa 22mm Leather Silicone Straps Compatible with Samsung Galaxy Watch 3 45mm,Quick Release Watch Band for Fossil Gen 6/One Plus(46mm)/Noise Colorfit - Brown","1403.0","3.8","3044"
"Analog Silver Dial Men's Watch-ME3252 Stainless Steel, Silver Strap","21995.0","0.0","0"
"Neo Splash Green Dial Quartz Analog with Date Fabric Strap Watch for Men-NS1805WP01","6545.0","4.6","57"
"Fossil Bannon Analog Stainless Steel Green Dial Silver Band Men's Watch-BQ2492","9995.0","4.2","389"
"Men's Metropolitan Charm: Men's Multifunctional Black Watch with Metallic Accents-NS1805NM02","7395.0","4.5","132"
"Men's Infinity Chrono Analog Watch: Precise Blue Dial, Rose Gold Highlights, Durable Leather Strap-NS1805QP01","5845.0","4.4","63"
"Fossil Bannon Analog Stainless Steel Green Dial Silver Band Men's Watch-BQ2492","9995.0","4.2","389"
"The Minimalist 3h Analog Grey Dial Men's Watch - FS5459 Stainless Steel, Gray Strap","11995.0","4.4","803"
"Quartz Analog with Day and Date Silver Dial Stainless Steel Strap Watch for Men-NR1824BM01","3595.0","4.4","120"
"ACM Watch Strap Silicone Belt 22mm Compatible with Fossil Gen 6 44mm Smartwatch Casual Classic Band Black","289.0","3.4","15"
"Womens Heritage Gold Bracelet Jf04729710","5295.0","0.0","0"
"Silicone Belt Classic Watch Strap Compatible for Fossil Neutra Chronograph Amber Smartwatch Band","299.0","0.0","0"
"Analog Green Dial Men's Watch-FS6079","14995.0","0.0","0"
"Men Leather Chronograph Analogue Black Dial Watch, Band Color-Brown","12495.0","4.3","4241"
"MELFO 22mm Smart Watch Strap Compatible with Fossil Hybrid Hr Collider Magnetic Metal Chain - Black","379.0","5.0","1"
"Watch Strap Magnetic Loop 22mm compatible with Fossil Gen 5e 44mm Ftw4056 Ftw4049 Smartwatch Luxury Metal Chain Band","349.0","3.6","66"
"Analog White Dial Women's Watch-ES5357","13495.0","0.0","0"
"Toys Uncle Surprise toy (Robo Alive Mega Dino Fossil Find)","6499.0","3.6","12"
"Mens Jewelry Gold Braided Bracelet Jf04555710","4057.0","5.0","1"
"Fossil Silicone Analog Black Dial Men's Watch-Fs6062, Band Color-Black","16495.0","4.5","73"
"Men Gmt Multicolor Quartz Silicone Analogue Watch Fs6049, Band Color:Black","14495.0","3.7","4"
"DVTECH® (Pack of 02 Flexible Unbreakable Scratch resistance Smartwatch Screen protector for Fossil Gen 6 Wellness Edition (Not a Tempered glass)","97.0","5.0","1"
"FossilTownsman Automatic Brown Skeleton Dial Men's Watch ME3098","18995.0","0.0","0"
"Men Stainless Steel Nate Chronograph Black Dial Watch-Jr1401I, Band Color-Black","14995.0","3.8","50"
"Fossil Analog Gold Dial Women's Stainless Steel Watch-ES5318","10496.0","1.0","1"
"Men Leather Chronograph Analogue Black Dial Watch, Band Color-Brown","12495.0","4.3","4241"
"Neutra Automatic Analog Black Dial Men's Watch-ME3185 Stainless Steel, Grey Strap","17995.0","4.2","82"
"Analog White Dial Men's Watch-FS4795 Stainless Steel, Multicolor Strap","14495.0","4.4","1910"
"Fossil Machine Stainless Steel Chronograph Unisex Black Dial Watch Fs4682Ie","14995.0","3.9","4194"
"Women Jewelry Gold Bracelet Jf04683710","4295.0","0.0","0"
"Realme 5 Fossils Smoke Case Compatible with [Military Grade Drop Protection][Shockproof Bumper Cover][Protective Case][Anti-Scratch][Anti-Fingerprint][Hard Case] (Blue)","199.0","0.0","0"
"Men's Sartorial Neo Splash: Blue Dial Multifunction Watch with Mesh Strap-NS1805QM02","7995.0","4.3","122"
"Men's Metropolitan Luxe: Multifunction dark grey Dial with Two-Tone Stainless Steel Bracelet Watch-NS1733KM01","5745.0","4.3","822"
"Karishma Analog Black Dial Men's Watch-NL1636SM01","2775.0","4.1","1684"
"Men Leather Analog Black Dial Watch-Fs5251Set, Band Color-Brown","10995.0","4.6","2316"
"Men's Timeless Style Analog Watch: Refined Black Dial and Metal Strap-1806NM01","3995.0","4.3","207"
"Neutra Automatic Analog Black Dial Men's Watch-ME3185 Stainless Steel, Grey Strap","17995.0","4.2","82"
"Men's Metropolitan Luxe: Multifunction Mono black Dial with Two-Tone Stainless Steel Bracelet Watch-NS1733NM01","6845.0","4.1","123"
"Fossil Men Stainless Steel Analog Black Dial Watch-Fs6027, Band Color-Rose Gold","14995.0","4.2","389"
"Quartz Analog with Date Blue Dial Stainless Steel Strap Watch for Men-NS1825KM01","3655.0","3.9","149"
"Bronson Analog Black Dial Men's Watch-FS5851 Stainless Steel, Black Strap","14995.0","4.0","32"
"Men Leather Analog Black Dial Watch-Fs5251Set, Band Color-Brown","10995.0","4.6","2316"
"Men Leather Chronograph Analogue Black Dial Watch, Band Color-Brown","12495.0","4.3","4241"
"Quartz Multifunction White Dial Leather Strap Watch for Men-NS90102SL03","9695.0","4.3","335"
"Men's Metropolitan Charm: Men's Multifunctional Black Watch with Leather Strap-NS1805NL02","7095.0","4.3","61"
"Neo Splash Green Dial Quartz Analog with Date Fabric Strap Watch for Men-NS1805WP01","6545.0","4.6","57"
"Neo Splash Black Dial Quartz Analog with Date Stainless Steel Strap Watch for Men-NS1805QM05","6345.0","4.3","86"
"Analog Silver Dial Men's Watch-ME3252 Stainless Steel, Silver Strap","21995.0","0.0","0"
"Neo Splash Green Dial Quartz Analog with Date Fabric Strap Watch for Men-NS1805WP01","6545.0","4.6","57"
"Men Leather Chronograph Analogue Black Dial Watch, Band Color-Brown","12495.0","4.3","4241"
"Neo Splash Blue Dial Quartz Multifunction Stainless Steel Strap Watch for Men-NS1805QM01","6995.0","4.4","235"
"Men's Minimalist Zen Analog Black Watch: Sleek Leather Strap with Contrast Hands-NS1802SL11","3245.0","4.3","298"
"Fossil Men Stainless Steel Analog Black Dial Watch-Fs6027, Band Color-Rose Gold","14995.0","4.2","389"
"Men's Metropolitan Luxe: Multifunction blue Dial with Two-Tone Stainless Steel Bracelet Watch-NS1734KM01","6195.0","4.3","513"
"Analog Blue Dial Men's Watch-BI5110-54M Stainless Steel, Silver Strap","11475.0","4.7","13"
"Analog White Dial Men's Watch-FS4795 Stainless Steel, Multicolor Strap","14495.0","4.4","1910"
"Fossil Analog Off-White Dial Brown Band Men's Stainless Steel Watch-FS5380","12495.0","4.5","1298"
"Bronson Analog Black Dial Men's Watch-FS5851 Stainless Steel, Black Strap","14995.0","4.0","32"
"Quartz Analog with Date Champagne Dial Stainless Steel Strap Watch for Men-NS1715YM02","2245.0","4.2","738"
"Men's Infinity Chrono Analog Watch: Precise Blue Dial, Rose Gold Highlights, Durable Leather Strap-NS1805QP01","5845.0","4.4","63"
"Fossil Men Leather Analog Black Dial Watch-Fs5447, Band Color-Black","9995.0","4.1","3768"
"Men's Sartorial Neo Splash: Blue Dial Multifunction Watch with Mesh Strap-NS1805QM02","7995.0","4.3","122"
"Fossil Neutra Minimalist Analog Silver Dial Men's Watch-FS5905 Genuine Leather, Brown Strap","13495.0","4.4","58"
"Quartz Multifunction White Dial Leather Strap Watch for Men-NS90102SL03","9695.0","4.3","335"
"Men Sport Tourer Silver Quartz Stainless Steel Chronograph Watch Fs6048, Green Dial, Silver Band","17494.0","5.0","1"
"Fossil Bronson Analog Black Dial Men's Watch-ME3217 Stainless Steel, Black Strap","21995.0","3.7","39"
"Men Stainless Steel Analog Multicolor Dial Watch-Me3257, Band Color-Gold","23995.0","0.0","0"
"Fossil Men Stainless Steel Analog Black Dial Watch-Fs6027, Band Color-Rose Gold","14995.0","4.2","389"
"Workwear Green Dial Analog Leather Strap Watch for Men-NS1802NL02","3375.0","4.2","428"
"Men's Timeless Style Analog Watch: Refined Black Dial and Metal Strap-1806NM01","3995.0","4.3","207"
"Men Leather Grant Chronograph Analog Blue Dial Watch - Fs5061, Band Color-Blue","12494.0","4.2","1228"
